{
    "analysis":{
        "Circuit Depth":32,
        "Function List":{
            "Barrier-All":1,
            "CNOT":24,
            "MeasZ":8,
            "PrepZ":8,
            "R(['2b[0]',":8,
            "Rz(['2y[0]'])":12,
            "SWAP":16,
            "U(['pi/2',":8
        },
        "Qubit":{
            "Layout Size":{
                "height":1,
                "length":1,
                "width":54
            },
            "Qubit":54
        }
    },
    "mapping_time":[
        0.01072200000000123,
        0.01256999999999664,
        0.007196000000000424,
        0.005761999999997158,
        0.007064999999997212,
        0.010474999999999568,
        0.008187999999996975,
        0.007243000000002553,
        0.007341000000003817,
        0.006810999999999012,
        0.006643999999994321,
        0.008150000000000546,
        0.006703999999999155,
        0.011987999999995225,
        0.00810899999999748,
        0.010412000000002308,
        0.008093999999999824,
        0.0053990000000041505,
        0.007457999999999743,
        0.0060400000000058185,
        0.011774000000002616,
        0.007237000000003491,
        0.005812999999996293,
        0.007120000000000459,
        0.009164999999995871,
        0.007792999999999495,
        0.009171999999999514,
        0.006503999999999621,
        0.008102999999998417,
        0.006884999999996921,
        0.009322999999994863,
        0.01035399999999953,
        0.00852700000000084,
        0.007646999999998627,
        0.012324999999997033,
        0.006695000000000562,
        0.00890900000000272,
        0.008561000000000263,
        0.005856999999998891,
        0.007532999999995127,
        0.011046000000000333,
        0.009643000000004065,
        0.007124999999994941,
        0.008309000000004119,
        0.007788000000005013,
        0.00853999999999644,
        0.007023000000003776,
        0.008487999999999829,
        0.007045999999995445,
        0.01139400000000279
    ],
    "qchip":{
        "device_name":"file_qchip_ibmhexa.json",
        "dimension":{
            "height":1,
            "length":1,
            "width":54
        },
        "qubit_connectivity":{
            "0":[
                1,
                9
            ],
            "1":[
                0,
                2
            ],
            "10":[
                4,
                18
            ],
            "11":[
                8,
                22
            ],
            "12":[
                13,
                25
            ],
            "13":[
                12,
                14
            ],
            "14":[
                9,
                13,
                15
            ],
            "15":[
                14,
                16
            ],
            "16":[
                15,
                17,
                26
            ],
            "17":[
                16,
                18
            ],
            "18":[
                10,
                17,
                19
            ],
            "19":[
                18,
                20
            ],
            "2":[
                1,
                3
            ],
            "20":[
                19,
                21,
                27
            ],
            "21":[
                20,
                22
            ],
            "22":[
                11,
                21,
                23
            ],
            "23":[
                22,
                24
            ],
            "24":[
                23,
                28
            ],
            "25":[
                12,
                29
            ],
            "26":[
                16,
                33
            ],
            "27":[
                20,
                37
            ],
            "28":[
                24,
                41
            ],
            "29":[
                25,
                30
            ],
            "3":[
                2,
                4
            ],
            "30":[
                29,
                31
            ],
            "31":[
                30,
                32,
                42
            ],
            "32":[
                31,
                33
            ],
            "33":[
                26,
                32,
                34
            ],
            "34":[
                33,
                35
            ],
            "35":[
                34,
                36,
                43
            ],
            "36":[
                35,
                37
            ],
            "37":[
                27,
                36,
                38
            ],
            "38":[
                37,
                39
            ],
            "39":[
                38,
                40,
                44
            ],
            "4":[
                3,
                5,
                10
            ],
            "40":[
                39,
                41
            ],
            "41":[
                28,
                40
            ],
            "42":[
                31,
                45
            ],
            "43":[
                35,
                49
            ],
            "44":[
                39,
                53
            ],
            "45":[
                42,
                46
            ],
            "46":[
                45,
                47
            ],
            "47":[
                46,
                48
            ],
            "48":[
                47,
                49
            ],
            "49":[
                43,
                48,
                50
            ],
            "5":[
                4,
                6
            ],
            "50":[
                49,
                51
            ],
            "51":[
                50,
                52
            ],
            "52":[
                51,
                53
            ],
            "53":[
                44,
                52
            ],
            "6":[
                5,
                7
            ],
            "7":[
                6,
                8
            ],
            "8":[
                7,
                11
            ],
            "9":[
                0,
                14
            ]
        }
    },
    "system_code":{
        "cbit":[],
        "circuit":{
            "0":[
                "PrepZ 34",
                "PrepZ 26",
                "PrepZ 17",
                "PrepZ 19",
                "PrepZ 16",
                "PrepZ 18",
                "PrepZ 20",
                "PrepZ 27"
            ],
            "1":[
                "U(['pi/2', '0', 'pi']) 34",
                "U(['pi/2', '0', 'pi']) 26",
                "U(['pi/2', '0', 'pi']) 17",
                "U(['pi/2', '0', 'pi']) 19",
                "U(['pi/2', '0', 'pi']) 16",
                "U(['pi/2', '0', 'pi']) 18",
                "U(['pi/2', '0', 'pi']) 20",
                "U(['pi/2', '0', 'pi']) 27"
            ],
            "10":[
                "SWAP 18,17",
                "SWAP 34,33"
            ],
            "11":[
                "CNOT 18,19",
                "CNOT 16,17",
                "SWAP 35,34"
            ],
            "12":[
                "Rz(['2y[0]']) 19",
                "Rz(['2y[0]']) 17",
                "SWAP 36,35"
            ],
            "13":[
                "CNOT 18,19",
                "CNOT 16,17",
                "CNOT 36,37"
            ],
            "14":[
                "R(['2b[0]', '0']) 16",
                "SWAP 18,19",
                "Rz(['2y[0]']) 37"
            ],
            "15":[
                "CNOT 19,20",
                "SWAP 16,26",
                "SWAP 17,18",
                "CNOT 36,37"
            ],